﻿Designator,Footprint,Quantity,Value,LCSC Part #
"C1, C10, C11, C12, C2, C3, C4, C5, C6, C7",0402,10,1uF,
"C8, C9",0402,2,0.1uF,
D1,1206,1,LED,
G1,Oscillator_SMD_ECS_2520MV-xxx-xx-4Pin_2.5x2.0mm,1,SJK_2NXX,
H1,MountingHole_3.2mm_M3,1,MountingHole,
J1,usb-PCB,1,USB_A,
"R1, R3, R4, R5",0402,4,10K,
R2,0402,1,12K,
U1,WSON-6_1.5x1.5mm_P0.5mm,1,TLV7111833DDSER,
U2,SOT-666,1,USBLC6-2P6,
U3,QFN-36-1EP_6x6mm_P0.5mm_EP4.1x4.1mm_ThermalVias,1,USB2240,
U4,BGA153C50P14X14_1100X1000X80,1,eMMC,
